CD_GEOCMU;CD_GEOCMU6DIG;NM_MUNICIP;NM_MUNICIP2;NRS;NM_RS;LONG;LAT;POP_MUN
2900108;290010;ABAÍRA;Abaíra;Centro-leste;Seabra;-41,742894;-13,296569;8739
2900207;290020;ABARÉ;Abaré;Norte;Paulo Afonso;-39,317693;-8,83354;20086
2900306;290030;ACAJUTIBA;Acajutiba;Nordeste;Alagoinhas;-38,000531;-11,663172;15159
2900355;290035;ADUSTINA;Adustina;Nordeste;Ribeira do Pombal;-38,037088;-10,562382;17040
2900405;290040;ÁGUA FRIA;Água Fria;Centro-leste;Serrinha;-38,71045;-11,823137;16970
2900504;290050;ÉRICO CARDOSO;Érico Cardoso;Sudoeste;Brumado;-42,067321;-13,400215;10610
2900603;290060;AIQUARA;Aiquara;Sul;Jequié;-39,880862;-14,091819;4446
2900702;290070;ALAGOINHAS;Alagoinhas;Nordeste;Alagoinhas;-38,402259;-12,113185;151596
2900801;290080;ALCOBAÇA;Alcobaça;Extremo sul;Teixeira de Freitas;-39,409063;-17,468989;22470
2900900;290090;ALMADINA;Almadina;Sul;Itabuna;-39,664093;-14,701273;5464
2901007;290100;AMARGOSA;Amargosa;Leste;Santo Antônio de Jesus;-39,626296;-13,040884;37241
2901106;290110;AMÉLIA RODRIGUES;Amélia Rodrigues;Centro-leste;Feira de Santana;-38,718124;-12,420497;25102
2901155;290115;AMÉRICA DOURADA;América Dourada;Centro-norte;Irecê;-41,522923;-11,406196;16094
2901205;290120;ANAGÉ;Anagé;Sudoeste;Vitória da Conquista;-40,970846;-14,590126;22005
2901304;290130;ANDARAÍ;Andaraí;Centro-leste;Itaberaba;-41,215092;-12,733629;13143
2901353;290135;ANDORINHA;Andorinha;Norte;Senhor do Bonfim;-39,871901;-10,280762;14595
2901403;290140;ANGICAL;Angical;Oeste;Barreiras;-44,647724;-11,996639;13977
2901502;290150;ANGUERA;Anguera;Centro-leste;Feira de Santana;-39,192832;-12,182974;11221
2901601;290160;ANTAS;Antas;Nordeste;Ribeira do Pombal;-38,294029;-10,406571;19291
2901700;290170;ANTÔNIO CARDOSO;Antônio Cardoso;Centro-leste;Feira de Santana;-39,147051;-12,379795;11683
2901809;290180;ANTÔNIO GONÇALVES;Antônio Gonçalves;Norte;Senhor do Bonfim;-40,362365;-10,601509;11798
2901908;290190;APORÁ;Aporá;Nordeste;Alagoinhas;-38,193803;-11,731565;17731
2901957;290195;APUAREMA;Apuarema;Sul;Jequié;-39,75157;-13,820034;7330
2902005;290200;ARACATU;Aracatu;Sudoeste;Brumado;-41,374548;-14,371226;13135
2902054;290205;ARAÇAS;Araças;Nordeste;Alagoinhas;-38,212521;-12,172959;12177
2902104;290210;ARACI;Araci;Centro-leste;Serrinha;-39,064595;-11,212404;54379
2902203;290220;ARAMARI;Aramari;Nordeste;Alagoinhas;-38,524985;-12,050722;11397
2902252;290225;ARATACA;Arataca;Sul;Ilhéus;-39,41218;-15,243275;11019
2902302;290230;ARATUÍPE;Aratuípe;Leste;Santo Antônio de Jesus;-39,069429;-13,08463;8825
2902401;290240;AURELINO LEAL;Aurelino Leal;Sul;Itabuna;-39,478263;-14,362134;11531
2902500;290250;BAIANÓPOLIS;Baianópolis;Oeste;Barreiras;-44,44023;-12,657125;13877
2902609;290260;BAIXA GRANDE;Baixa Grande;Centro-leste;Feira de Santana;-40,152775;-11,96475;20468
2902658;290265;BANZAÊ;Banzaê;Nordeste;Ribeira do Pombal;-38,654344;-10,616472;13229
2902708;290270;BARRA;Barra;Oeste;Ibotirama;-43,366169;-11,030863;53578
2902807;290280;BARRA DA ESTIVA;Barra da Estiva;Sudoeste;Brumado;-41,098092;-13,650485;20598
2902906;290290;BARRA DO CHOÇA;Barra do Choça;Sudoeste;Vitória da Conquista;-40,581198;-14,912901;31603
2903003;290300;BARRA DO MENDES;Barra do Mendes;Centro-norte;Irecê;-42,114404;-11,96709;13865
2903102;290310;BARRA DO ROCHA;Barra do Rocha;Sul;Jequié;-39,587949;-14,10248;5714
2903201;290320;BARREIRAS;Barreiras;Oeste;Barreiras;-45,525105;-12,0176;155439
2903235;290323;BARRO ALTO;Barro Alto;Centro-norte;Irecê;-41,836786;-11,847992;14931
2903276;290327;BARROCAS;Barrocas;Centro-leste;Serrinha;-39,09492;-11,538041;15978
2903300;290330;BARRO PRETO;Barro Preto;Sul;Itabuna;-39,444728;-14,775862;5591
2903409;290340;BELMONTE;Belmonte;Extremo sul;Porto Seguro;-39,177271;-15,935417;23328
2903508;290350;BELO CAMPO;Belo Campo;Sudoeste;Vitória da Conquista;-41,20384;-14,998514;17211
2903607;290360;BIRITINGA;Biritinga;Centro-leste;Serrinha;-38,792633;-11,585323;15979
2903706;290370;BOA NOVA;Boa Nova;Sul;Jequié;-40,230115;-14,360234;12633
2903805;290380;BOA VISTA DO TUPIM;Boa Vista do Tupim;Centro-leste;Itaberaba;-40,670227;-12,770168;18576
2903904;290390;BOM JESUS DA LAPA;Bom Jesus da Lapa;Oeste;Santa Maria da Vitória;-43,293387;-13,277147;69148
2903953;290395;BOM JESUS DA SERRA;Bom Jesus da Serra;Sudoeste;Vitória da Conquista;-40,577361;-14,389879;9880
2904001;290400;BONINAL;Boninal;Centro-leste;Seabra;-41,802498;-12,776673;14368
2904050;290405;BONITO;Bonito;Centro-leste;Itaberaba;-41,320414;-11,969278;16764
2904100;290410;BOQUIRA;Boquira;Sudoeste;Brumado;-42,722289;-12,74112;21508
2904209;290420;BOTUPORÃ;Botuporã;Sudoeste;Brumado;-42,534706;-13,32623;10211
2904308;290430;BREJÕES;Brejões;Sul;Jequié;-39,850783;-13,075374;14295
2904407;290440;BREJOLÂNDIA;Brejolândia;Oeste;Barreiras;-43,824764;-12,499374;10557
2904506;290450;BROTAS DE MACAÚBAS;Brotas de Macaúbas;Oeste;Ibotirama;-42,46516;-12,086689;10231
2904605;290460;BRUMADO;Brumado;Sudoeste;Brumado;-41,689077;-14,167943;67195
2904704;290470;BUERAREMA;Buerarema;Sul;Itabuna;-39,269578;-14,996443;18349
2904753;290475;BURITIRAMA;Buritirama;Oeste;Ibotirama;-43,66763;-10,588126;21174
2904803;290480;CAATIBA;Caatiba;Sudoeste;Itapetinga;-40,364107;-14,995802;6758
2904852;290485;CABACEIRAS DO PARAGUAÇU;Cabaceiras do Paraguaçu;Leste;Cruz das Almas;-39,192485;-12,564274;18807
2904902;290490;CACHOEIRA;Cachoeira;Leste;Cruz das Almas;-38,884757;-12,640864;33470
2905008;290500;CACULÉ;Caculé;Sudoeste;Guanambi;-42,28505;-14,48289;23170
2905107;290510;CAÉM;Caém;Centro-norte;Jacobina;-40,291104;-11,143067;9213
2905156;290515;CAETANOS;Caetanos;Sudoeste;Vitória da Conquista;-40,915807;-14,325683;14542
2905206;290520;CAETITÉ;Caetité;Sudoeste;Guanambi;-42,476638;-13,947968;50975
2905305;290530;CAFARNAUM;Cafarnaum;Centro-norte;Irecê;-41,501449;-11,733822;18437
2905404;290540;CAIRU;Cairu;Sul;Valença;-38,983431;-13,50687;18176
2905503;290550;CALDEIRÃO GRANDE;Caldeirão Grande;Centro-norte;Jacobina;-40,22183;-11,039859;13327
2905602;290560;CAMACAN;Camacan;Sul;Itabuna;-39,518677;-15,444373;31988
2905701;290570;CAMAÇARI;Camaçari;Leste;Camaçari;-38,206303;-12,666005;299132
2905800;290580;CAMAMU;Camamu;Sul;Valença;-39,164186;-14,012552;35316
2905909;290590;CAMPO ALEGRE DE LOURDES;Campo Alegre de Lourdes;Norte;Juazeiro;-43,174908;-9,551413;28798
2906006;290600;CAMPO FORMOSO;Campo Formoso;Norte;Senhor do Bonfim;-40,728936;-10,251063;71206
2906105;290610;CANÁPOLIS;Canápolis;Oeste;Santa Maria da Vitória;-44,20356;-13,096592;9711
2906204;290620;CANARANA;Canarana;Centro-norte;Irecê;-41,699629;-11,752949;26176
2906303;290630;CANAVIEIRAS;Canavieiras;Sul;Ilhéus;-39,108826;-15,651539;31099
2906402;290640;CANDEAL;Candeal;Centro-leste;Feira de Santana;-39,190758;-11,87112;8258
2906501;290650;CANDEIAS;Candeias;Leste;Salvador;-38,481201;-12,678372;87076
2906600;290660;CANDIBA;Candiba;Sudoeste;Guanambi;-42,83174;-14,404202;14319
2906709;290670;CÂNDIDO SALES;Cândido Sales;Sudoeste;Vitória da Conquista;-41,269495;-15,355082;25189
2906808;290680;CANSANÇÃO;Cansanção;Centro-leste;Serrinha;-39,47272;-10,726929;34834
2906824;290682;CANUDOS;Canudos;Norte;Juazeiro;-38,991703;-10,064129;16668
2906857;290685;CAPELA DO ALTO ALEGRE;Capela do Alto Alegre;Centro-leste;Feira de Santana;-39,824964;-11,672263;11637
2906873;290687;CAPIM GROSSO;Capim Grosso;Centro-norte;Jacobina;-39,9959;-11,306288;30662
2906899;290689;CARAÍBAS;Caraíbas;Sudoeste;Vitória da Conquista;-41,283716;-14,62557;8951
2906907;290690;CARAVELAS;Caravelas;Extremo sul;Teixeira de Freitas;-39,688811;-17,657525;22016
2907004;290700;CARDEAL DA SILVA;Cardeal da Silva;Nordeste;Alagoinhas;-37,938426;-12,043037;9295
2907103;290710;CARINHANHA;Carinhanha;Sudoeste;Guanambi;-43,848505;-14,020929;29018
2907202;290720;CASA NOVA;Casa Nova;Norte;Juazeiro;-41,336482;-9,240251;71969
2907301;290730;CASTRO ALVES;Castro Alves;Leste;Santo Antônio de Jesus;-39,363997;-12,731626;26264
2907400;290740;CATOLÂNDIA;Catolândia;Oeste;Barreiras;-44,697323;-12,273449;3577
2907509;290750;CATU;Catu;Nordeste;Alagoinhas;-38,4129;-12,330569;54704
2907558;290755;CATURAMA;Caturama;Sudoeste;Brumado;-42,319417;-13,233462;9329
2907608;290760;CENTRAL;Central;Centro-norte;Irecê;-42,112427;-11,151291;17266
2907707;290770;CHORROCHÓ;Chorrochó;Norte;Paulo Afonso;-39,18911;-9,271707;11177
2907806;290780;CÍCERO DANTAS;Cícero Dantas;Nordeste;Ribeira do Pombal;-38,452541;-10,51386;32515
2907905;290790;CIPÓ;Cipó;Nordeste;Ribeira do Pombal;-38,520942;-11,113238;17300
2908002;290800;COARACI;Coaraci;Sul;Itabuna;-39,593191;-14,631827;16993
2908101;290810;COCOS;Cocos;Oeste;Santa Maria da Vitória;-45,219945;-14,496929;18777
2908200;290820;CONCEIÇÃO DA FEIRA;Conceição da Feira;Leste;Cruz das Almas;-38,99976;-12,504863;22581
2908309;290830;CONCEIÇÃO DO ALMEIDA;Conceição do Almeida;Leste;Santo Antônio de Jesus;-39,245601;-12,859902;17247
2908408;290840;CONCEIÇÃO DO COITÉ;Conceição do Coité;Centro-leste;Serrinha;-39,24982;-11,524123;66612
2908507;290850;CONCEIÇÃO DO JACUÍPE;Conceição do Jacuípe;Centro-leste;Feira de Santana;-38,740052;-12,337865;33153
2908606;290860;CONDE;Conde;Leste;Camaçari;-37,677595;-11,827736;25837
2908705;290870;CONDEÚBA;Condeúba;Sudoeste;Vitória da Conquista;-42,051037;-14,92144;17247
2908804;290880;CONTENDAS DO SINCORÁ;Contendas do Sincorá;Sudoeste;Brumado;-41,093652;-13,838346;4066
2908903;290890;CORAÇÃO DE MARIA;Coração de Maria;Centro-leste;Feira de Santana;-38,783108;-12,210649;22605
2909000;290900;CORDEIROS;Cordeiros;Sudoeste;Vitória da Conquista;-41,908245;-15,040971;8614
2909109;290910;CORIBE;Coribe;Oeste;Santa Maria da Vitória;-44,376295;-13,814335;14194
2909208;290920;CORONEL JOÃO SÁ;Coronel João Sá;Nordeste;Ribeira do Pombal;-37,959383;-10,264456;15895
2909307;290930;CORRENTINA;Correntina;Oeste;Santa Maria da Vitória;-45,394992;-13,467029;32137
2909406;290940;COTEGIPE;Cotegipe;Oeste;Barreiras;-44,327996;-11,711115;13782
2909505;290950;CRAVOLÂNDIA;Cravolândia;Sul;Jequié;-39,784462;-13,424003;5349
2909604;290960;CRISÓPOLIS;Crisópolis;Nordeste;Alagoinhas;-38,172579;-11,518071;21103
2909703;290970;CRISTÓPOLIS;Cristópolis;Oeste;Barreiras;-44,258845;-12,193995;13910
2909802;290980;CRUZ DAS ALMAS;Cruz das Almas;Leste;Cruz das Almas;-39,117912;-12,683035;63239
2909901;290990;CURAÇÁ;Curaçá;Norte;Juazeiro;-39,650984;-9,220987;34700
2910008;291000;DÁRIO MEIRA;Dário Meira;Sul;Jequié;-39,988006;-14,404981;10710
2910057;291005;DIAS D'ÁVILA;Dias d'Ávila;Leste;Camaçari;-38,282656;-12,601455;81089
2910107;291010;DOM BASÍLIO;Dom Basílio;Sudoeste;Brumado;-41,712103;-13,856283;12199
2910206;291020;DOM MACEDO COSTA;Dom Macedo Costa;Leste;Santo Antônio de Jesus;-39,17396;-12,912355;4058
2910305;291030;ELÍSIO MEDRADO;Elísio Medrado;Leste;Santo Antônio de Jesus;-39,526335;-12,934872;8122
2910404;291040;ENCRUZILHADA;Encruzilhada;Sudoeste;Vitória da Conquista;-40,999912;-15,594912;17006
2910503;291050;ENTRE RIOS;Entre Rios;Nordeste;Alagoinhas;-38,048376;-12,063435;41780
2910602;291060;ESPLANADA;Esplanada;Nordeste;Alagoinhas;-37,88534;-11,931246;37237
2910701;291070;EUCLIDES DA CUNHA;Euclides da Cunha;Centro-leste;Serrinha;-38,915095;-10,466805;60585
2910727;291072;EUNÁPOLIS;Eunápolis;Extremo sul;Porto Seguro;-39,606119;-16,298752;113380
2910750;291075;FÁTIMA;Fátima;Nordeste;Ribeira do Pombal;-38,201348;-10,593623;17890
2910776;291077;FEIRA DA MATA;Feira da Mata;Sudoeste;Santa Maria da Vitória;-44,232219;-14,13174;5665
2910800;291080;FEIRA DE SANTANA;Feira de Santana;Centro-leste;Feira de Santana;-39,03399;-12,193076;614872
2910859;291085;FILADÉLFIA;Filadélfia;Norte;Senhor do Bonfim;-40,136915;-10,72321;16377
2910909;291090;FIRMINO ALVES;Firmino Alves;Sudoeste;Itapetinga;-39,911313;-14,93082;5617
2911006;291100;FLORESTA AZUL;Floresta Azul;Sul;Itabuna;-39,71747;-14,841852;10629
2911105;291110;FORMOSA DO RIO PRETO;Formosa do Rio Preto;Oeste;Barreiras;-45,755647;-11,016713;25591
2911204;291120;GANDU;Gandu;Sul;Valença;-39,482691;-13,788685;32403
2911253;291125;GAVIÃO;Gavião;Centro-leste;Feira de Santana;-39,75734;-11,508884;4463
2911303;291130;GENTIO DO OURO;Gentio do Ouro;Centro-norte;Irecê;-42,605208;-11,410248;11233
2911402;291140;GLÓRIA;Glória;Norte;Paulo Afonso;-38,444762;-9,229366;15221
2911501;291150;GONGOGI;Gongogi;Sul;Itabuna;-39,5819;-14,280589;7128
2911600;291160;GOVERNADOR MANGABEIRA;Governador Mangabeira;Leste;Cruz das Almas;-39,072351;-12,583363;20722
2911659;291165;GUAJERU;Guajeru;Sudoeste;Brumado;-41,986432;-14,558969;6937
2911709;291170;GUANAMBI;Guanambi;Sudoeste;Guanambi;-42,820036;-14,203957;84481
2911808;291180;GUARATINGA;Guaratinga;Extremo sul;Porto Seguro;-39,937689;-16,553191;20843
2911857;291185;HELIÓPOLIS;Heliópolis;Nordeste;Ribeira do Pombal;-38,314226;-10,746774;13031
2911907;291190;IAÇU;Iaçu;Centro-leste;Itaberaba;-40,113094;-12,813534;24305
2912004;291200;IBIASSUCÊ;Ibiassucê;Sudoeste;Guanambi;-42,305379;-14,291531;9224
2912103;291210;IBICARAÍ;Ibicaraí;Sul;Itabuna;-39,568453;-14,848768;21689
2912202;291220;IBICOARA;Ibicoara;Sudoeste;Brumado;-41,327893;-13,380991;19571
2912301;291230;IBICUÍ;Ibicuí;Sudoeste;Itapetinga;-39,863785;-14,641894;16198
2912400;291240;IBIPEBA;Ibipeba;Centro-norte;Irecê;-42,18177;-11,570748;18211
2912509;291250;IBIPITANGA;Ibipitanga;Sudoeste;Brumado;-42,359693;-12,859347;14902
2912608;291260;IBIQUERA;Ibiquera;Centro-leste;Itaberaba;-40,884782;-12,603191;4044
2912707;291270;IBIRAPITANGA;Ibirapitanga;Sul;Itabuna;-39,435696;-14,060704;23375
2912806;291280;IBIRAPUÃ;Ibirapuã;Extremo sul;Teixeira de Freitas;-40,012795;-17,743014;8637
2912905;291290;IBIRATAIA;Ibirataia;Sul;Jequié;-39,626167;-13,975981;15312
2913002;291300;IBITIARA;Ibitiara;Centro-leste;Seabra;-42,282694;-12,575885;16339
2913101;291310;IBITITÁ;Ibititá;Centro-norte;Irecê;-41,915125;-11,579049;17113
2913200;291320;IBOTIRAMA;Ibotirama;Oeste;Ibotirama;-43,204764;-12,038551;26927
2913309;291330;ICHU;Ichu;Centro-leste;Feira de Santana;-39,152341;-11,731511;6206
2913408;291340;IGAPORÃ;Igaporã;Sudoeste;Guanambi;-42,704146;-13,863066;15640
2913457;291345;IGRAPIÚNA;Igrapiúna;Sul;Valença;-39,205528;-13,870951;13226
2913507;291350;IGUAÍ;Iguaí;Sudoeste;Itapetinga;-40,06587;-14,632365;26916
2913606;291360;ILHÉUS;Ilhéus;Sul;Ilhéus;-39,191802;-14,752743;162327
2913705;291370;INHAMBUPE;Inhambupe;Nordeste;Alagoinhas;-38,403839;-11,805114;39926
2913804;291380;IPECAETÁ;Ipecaetá;Centro-leste;Feira de Santana;-39,326986;-12,307419;14487
2913903;291390;IPIAÚ;Ipiaú;Sul;Jequié;-39,726505;-14,054873;45873
2914000;291400;IPIRÁ;Ipirá;Centro-leste;Feira de Santana;-39,777143;-12,211242;59595
2914109;291410;IPUPIARA;Ipupiara;Oeste;Ibotirama;-42,501843;-11,835873;9865
2914208;291420;IRAJUBA;Irajuba;Sul;Jequié;-40,052295;-13,230719;7260
2914307;291430;IRAMAIA;Iramaia;Sul;Jequié;-40,920822;-13,468639;8537
2914406;291440;IRAQUARA;Iraquara;Centro-leste;Seabra;-41,583095;-12,248341;25216
2914505;291450;IRARÁ;Irará;Centro-leste;Feira de Santana;-38,753895;-12,046429;29034
2914604;291460;IRECÊ;Irecê;Centro-norte;Irecê;-41,838969;-11,309449;72967
2914653;291465;ITABELA;Itabela;Extremo sul;Porto Seguro;-39,551337;-16,662903;30584
2914703;291470;ITABERABA;Itaberaba;Centro-leste;Itaberaba;-40,262264;-12,499097;64489
2914802;291480;ITABUNA;Itabuna;Sul;Itabuna;-39,312807;-14,851648;213223
2914901;291490;ITACARÉ;Itacaré;Sul;Ilhéus;-39,157795;-14,362094;28296
2915007;291500;ITAETÉ;Itaeté;Centro-leste;Itaberaba;-41,040418;-13,091757;16056
2915106;291510;ITAGI;Itagi;Sul;Jequié;-40,024851;-14,162264;12351
2915205;291520;ITAGIBÁ;Itagibá;Sul;Jequié;-39,830454;-14,252567;14579
2915304;291530;ITAGIMIRIM;Itagimirim;Extremo sul;Porto Seguro;-39,737985;-16,096336;6869
2915353;291535;ITAGUAÇU DA BAHIA;Itaguaçu da Bahia;Centro-norte;Irecê;-42,238987;-10,769724;14429
2915403;291540;ITAJU DO COLÔNIA;Itaju do Colônia;Sul;Itabuna;-39,731652;-15,148336;6682
2915502;291550;ITAJUÍPE;Itajuípe;Sul;Itabuna;-39,4449;-14,671518;20491
2915601;291560;ITAMARAJU;Itamaraju;Extremo sul;Teixeira de Freitas;-39,764796;-17,008757;64486
2915700;291570;ITAMARI;Itamari;Sul;Jequié;-39,667054;-13,766584;8035
2915809;291580;ITAMBÉ;Itambé;Sudoeste;Itapetinga;-40,462594;-15,158114;23049
2915908;291590;ITANAGRA;Itanagra;Nordeste;Alagoinhas;-38,042503;-12,31533;6441
2916005;291600;ITANHÉM;Itanhém;Extremo sul;Teixeira de Freitas;-40,378352;-17,115408;19405
2916104;291610;ITAPARICA;Itaparica;Leste;Salvador;-38,656873;-12,892612;22228
2916203;291620;ITAPÉ;Itapé;Sul;Itabuna;-39,495903;-14,954378;8761
2916302;291630;ITAPEBI;Itapebi;Extremo sul;Porto Seguro;-39,653153;-15,91211;10259
2916401;291640;ITAPETINGA;Itapetinga;Sudoeste;Itapetinga;-40,057515;-15,29928;76147
2916500;291650;ITAPICURU;Itapicuru;Nordeste;Alagoinhas;-38,194311;-11,192021;35576
2916609;291660;ITAPITANGA;Itapitanga;Sul;Itabuna;-39,619958;-14,472907;10313
2916708;291670;ITAQUARA;Itaquara;Sul;Jequié;-39,898458;-13,448891;8319
2916807;291680;ITARANTIM;Itarantim;Sudoeste;Itapetinga;-40,049147;-15,697738;19747
2916856;291685;ITATIM;Itatim;Leste;Santo Antônio de Jesus;-39,734692;-12,71284;14487
2916906;291690;ITIRUÇU;Itiruçu;Sul;Jequié;-40,153071;-13,487525;12576
2917003;291700;ITIÚBA;Itiúba;Norte;Senhor do Bonfim;-39,845358;-10,731374;36089
2917102;291710;ITORORÓ;Itororó;Sudoeste;Itapetinga;-40,007204;-15,048842;20382
2917201;291720;ITUAÇU;Ituaçu;Sudoeste;Brumado;-41,390007;-13,837101;18962
2917300;291730;ITUBERÁ;Ituberá;Sul;Valença;-39,15295;-13,749335;28602
2917334;291733;IUIÚ;Iuiú;Sudoeste;Guanambi;-43,543207;-14,466472;10994
2917359;291735;JABORANDI;Jaborandi;Oeste;Santa Maria da Vitória;-45,442709;-14,033288;8385
2917409;291740;JACARACI;Jacaraci;Sudoeste;Guanambi;-42,322286;-14,784849;14842
2917508;291750;JACOBINA;Jacobina;Centro-norte;Jacobina;-40,568546;-11,13492;80518
2917607;291760;JAGUAQUARA;Jaguaquara;Sul;Jequié;-39,957039;-13,55388;54423
2917706;291770;JAGUARARI;Jaguarari;Norte;Senhor do Bonfim;-40,068348;-10,042621;33570
2917805;291780;JAGUARIPE;Jaguaripe;Leste;Santo Antônio de Jesus;-38,986515;-13,121259;18788
2917904;291790;JANDAÍRA;Jandaíra;Nordeste;Alagoinhas;-37,594356;-11,597778;10709
2918001;291800;JEQUIÉ;Jequié;Sul;Jequié;-40,146131;-13,877607;155966
2918100;291810;JEREMOABO;Jeremoabo;Norte;Paulo Afonso;-38,552526;-9,940661;40463
2918209;291820;JIQUIRIÇÁ;Jiquiriçá;Leste;Santo Antônio de Jesus;-39,584656;-13,324538;14537
2918308;291830;JITAÚNA;Jitaúna;Sul;Jequié;-39,86666;-13,957972;11166
2918357;291835;JOÃO DOURADO;João Dourado;Centro-norte;Irecê;-41,567214;-11,220169;25188
2918407;291840;JUAZEIRO;Juazeiro;Norte;Juazeiro;-40,27466;-9,55688;216707
2918456;291845;JUCURUÇU;Jucuruçu;Extremo sul;Teixeira de Freitas;-40,100747;-16,845586;9126
2918506;291850;JUSSARA;Jussara;Centro-norte;Irecê;-41,880302;-10,925533;15284
2918555;291855;JUSSARI;Jussari;Sul;Itabuna;-39,498022;-15,136642;5833
2918605;291860;JUSSIAPE;Jussiape;Sudoeste;Brumado;-41,598876;-13,511311;6186
2918704;291870;LAFAIETE COUTINHO;Lafaiete Coutinho;Sul;Jequié;-40,292581;-13,641588;3724
2918753;291875;LAGOA REAL;Lagoa Real;Sudoeste;Guanambi;-42,219603;-14,047295;15665
2918803;291880;LAJE;Laje;Leste;Santo Antônio de Jesus;-39,346418;-13,166984;23840
2918902;291890;LAJEDÃO;Lajedão;Extremo sul;Teixeira de Freitas;-40,309827;-17,559587;3955
2919009;291900;LAJEDINHO;Lajedinho;Centro-leste;Itaberaba;-40,963446;-12,380974;3783
2919058;291905;LAJEDO DO TABOCAL;Lajedo do Tabocal;Sul;Jequié;-40,282259;-13,460225;8562
2919108;291910;LAMARÃO;Lamarão;Centro-leste;Serrinha;-38,909962;-11,785909;8307
2919157;291915;LAPÃO;Lapão;Centro-norte;Irecê;-41,77669;-11,501287;27223
2919207;291920;LAURO DE FREITAS;Lauro de Freitas;Leste;Salvador;-38,327273;-12,863213;198440
2919306;291930;LENÇÓIS;Lençóis;Centro-leste;Seabra;-41,337293;-12,424989;11409
2919405;291940;LICÍNIO DE ALMEIDA;Licínio de Almeida;Sudoeste;Guanambi;-42,470101;-14,586021;12388
2919504;291950;LIVRAMENTO DE NOSSA SENHORA;Livramento de Nossa Senhora;Sudoeste;Brumado;-41,990849;-13,810688;45732
2919553;291955;LUÍS EDUARDO MAGALHÃES;Luís Eduardo Magalhães;Oeste;Barreiras;-46,013079;-12,193702;87519
2919603;291960;MACAJUBA;Macajuba;Centro-leste;Itaberaba;-40,262256;-12,129296;11348
2919702;291970;MACARANI;Macarani;Sudoeste;Itapetinga;-40,400968;-15,545818;18755
2919801;291980;MACAÚBAS;Macaúbas;Sudoeste;Brumado;-42,692918;-13,108138;49826
2919900;291990;MACURURÉ;Macururé;Norte;Paulo Afonso;-38,896729;-9,291078;7824
2919926;291992;MADRE DE DEUS;Madre de Deus;Leste;Salvador;-38,642732;-12,741114;21093
2919959;291995;MAETINGA;Maetinga;Sudoeste;Vitória da Conquista;-41,516221;-14,655594;3161
2920007;292000;MAIQUINIQUE;Maiquinique;Sudoeste;Itapetinga;-40,269103;-15,674;10112
2920106;292010;MAIRI;Mairi;Centro-norte;Jacobina;-40,180633;-11,731684;18676
2920205;292020;MALHADA;Malhada;Sudoeste;Guanambi;-43,646023;-14,217166;16845
2920304;292030;MALHADA DE PEDRAS;Malhada de Pedras;Sudoeste;Brumado;-41,845423;-14,35221;8393
2920403;292040;MANOEL VITORINO;Manoel Vitorino;Sul;Jequié;-40,547598;-14,050875;13240
2920452;292045;MANSIDÃO;Mansidão;Oeste;Barreiras;-44,108375;-11,128067;13643
2920502;292050;MARACÁS;Maracás;Sul;Jequié;-40,555233;-13,495182;20834
2920601;292060;MARAGOGIPE;Maragogipe;Leste;Cruz das Almas;-38,938094;-12,823065;44677
2920700;292070;MARAÚ;Maraú;Sul;Itabuna;-39,150518;-14,155713;20570
2920809;292080;MARCIONÍLIO SOUZA;Marcionílio Souza;Centro-leste;Itaberaba;-40,675298;-13,140047;10406
2920908;292090;MASCOTE;Mascote;Sul;Ilhéus;-39,420513;-15,666085;13822
2921005;292100;MATA DE SÃO JOÃO;Mata de São João;Leste;Camaçari;-38,148861;-12,483976;46583
2921054;292105;MATINA;Matina;Sudoeste;Guanambi;-42,940068;-13,848844;12201
2921104;292110;MEDEIROS NETO;Medeiros Neto;Extremo sul;Teixeira de Freitas;-40,285633;-17,361298;22688
2921203;292120;MIGUEL CALMON;Miguel Calmon;Centro-norte;Jacobina;-40,624217;-11,420634;26023
2921302;292130;MILAGRES;Milagres;Leste;Santo Antônio de Jesus;-39,797586;-12,899946;10950
2921401;292140;MIRANGABA;Mirangaba;Centro-norte;Jacobina;-40,714509;-10,776985;18338
2921450;292145;MIRANTE;Mirante;Sudoeste;Vitória da Conquista;-40,764087;-14,167821;8641
2921500;292150;MONTE SANTO;Monte Santo;Centro-leste;Serrinha;-39,454202;-10,382988;49418
2921609;292160;MORPARÁ;Morpará;Oeste;Ibotirama;-43,039818;-11,75079;8519
2921708;292170;MORRO DO CHAPÉU;Morro do Chapéu;Centro-norte;Jacobina;-41,16706;-11,464875;35413
2921807;292180;MORTUGABA;Mortugaba;Sudoeste;Guanambi;-42,320291;-14,972641;12042
2921906;292190;MUCUGÊ;Mucugê;Centro-leste;Seabra;-41,474908;-13,065099;9062
2922003;292200;MUCURI;Mucuri;Extremo sul;Teixeira de Freitas;-39,867012;-18,059175;41748
2922052;292205;MULUNGU DO MORRO;Mulungu do Morro;Centro-norte;Irecê;-41,523939;-11,977766;10889
2922102;292210;MUNDO NOVO;Mundo Novo;Centro-leste;Feira de Santana;-40,559365;-11,952823;26776
2922201;292220;MUNIZ FERREIRA;Muniz Ferreira;Leste;Santo Antônio de Jesus;-39,087693;-13,002487;7422
2922250;292225;MUQUÉM DE SÃO FRANCISCO;Muquém de São Francisco;Oeste;Ibotirama;-43,498618;-12,211864;11348
2922300;292230;MURITIBA;Muritiba;Leste;Cruz das Almas;-39,086288;-12,621753;29399
2922409;292240;MUTUÍPE;Mutuípe;Leste;Santo Antônio de Jesus;-39,506624;-13,311879;22221
2922508;292250;NAZARÉ;Nazaré;Leste;Santo Antônio de Jesus;-38,980867;-12,953683;28525
2922607;292260;NILO PEÇANHA;Nilo Peçanha;Sul;Valença;-39,174237;-13,659996;13997
2922656;292265;NORDESTINA;Nordestina;Centro-leste;Serrinha;-39,451411;-10,873094;13130
2922706;292270;NOVA CANAÃ;Nova Canaã;Sudoeste;Itapetinga;-40,180328;-14,857518;16462
2922730;292273;NOVA FÁTIMA;Nova Fátima;Centro-leste;Feira de Santana;-39,635619;-11,621358;7812
2922755;292275;NOVA IBIÁ;Nova Ibiá;Sul;Valença;-39,582809;-13,824994;6591
2922805;292280;NOVA ITARANA;Nova Itarana;Sul;Jequié;-40,034579;-13,046495;8226
2922854;292285;NOVA REDENÇÃO;Nova Redenção;Centro-leste;Itaberaba;-41,091235;-12,800116;9118
2922904;292290;NOVA SOURE;Nova Soure;Nordeste;Ribeira do Pombal;-38,556622;-11,302698;26947
2923001;292300;NOVA VIÇOSA;Nova Viçosa;Extremo sul;Teixeira de Freitas;-39,715402;-17,899666;43376
2923035;292303;NOVO HORIZONTE;Novo Horizonte;Centro-leste;Seabra;-42,128664;-12,840873;12385
2923050;292305;NOVO TRIUNFO;Novo Triunfo;Nordeste;Ribeira do Pombal;-38,449429;-10,36816;15440
2923100;292310;OLINDINA;Olindina;Nordeste;Ribeira do Pombal;-38,354792;-11,434911;28229
2923209;292320;OLIVEIRA DOS BREJINHOS;Oliveira dos Brejinhos;Oeste;Ibotirama;-42,734881;-12,283355;21825
2923308;292330;OURIÇANGAS;Ouriçangas;Nordeste;Alagoinhas;-38,653673;-12,009336;8564
2923357;292335;OUROLÂNDIA;Ourolândia;Centro-norte;Jacobina;-41,137091;-10,847911;17451
2923407;292340;PALMAS DE MONTE ALTO;Palmas de Monte Alto;Sudoeste;Guanambi;-43,217804;-14,175408;21750
2923506;292350;PALMEIRAS;Palmeiras;Centro-leste;Seabra;-41,553922;-12,552429;9019
2923605;292360;PARAMIRIM;Paramirim;Sudoeste;Brumado;-42,240359;-13,519656;21607
2923704;292370;PARATINGA;Paratinga;Oeste;Ibotirama;-43,064445;-12,690719;32000
2923803;292380;PARIPIRANGA;Paripiranga;Nordeste;Ribeira do Pombal;-37,900819;-10,616713;28989
2923902;292390;PAU BRASIL;Pau Brasil;Sul;Itabuna;-39,690474;-15,468285;9831
2924009;292400;PAULO AFONSO;Paulo Afonso;Norte;Paulo Afonso;-38,293546;-9,539588;117782
2924058;292405;PÉ DE SERRA;Pé de Serra;Centro-leste;Feira de Santana;-39,609677;-11,872035;13578
2924108;292410;PEDRÃO;Pedrão;Nordeste;Alagoinhas;-38,640544;-12,12957;7347
2924207;292420;PEDRO ALEXANDRE;Pedro Alexandre;Norte;Paulo Afonso;-37,950336;-10,063191;16667
2924306;292430;PIATÃ;Piatã;Centro-leste;Seabra;-41,877448;-13,04604;17123
2924405;292440;PILÃO ARCADO;Pilão Arcado;Norte;Juazeiro;-43,116428;-10,007667;35048
2924504;292450;PINDAÍ;Pindaí;Sudoeste;Guanambi;-42,678568;-14,471618;16260
2924603;292460;PINDOBAÇU;Pindobaçu;Norte;Senhor do Bonfim;-40,340971;-10,72387;20150
2924652;292465;PINTADAS;Pintadas;Centro-leste;Feira de Santana;-39,897979;-11,868874;10437
2924678;292467;PIRAÍ DO NORTE;Piraí do Norte;Sul;Valença;-39,376851;-13,805445;10023
2924702;292470;PIRIPÁ;Piripá;Sudoeste;Vitória da Conquista;-41,716107;-15,003902;10707
2924801;292480;PIRITIBA;Piritiba;Centro-norte;Jacobina;-40,605378;-11,694956;24755
2924900;292490;PLANALTINO;Planaltino;Sul;Jequié;-40,303187;-13,186496;9322
2925006;292500;PLANALTO;Planalto;Sudoeste;Vitória da Conquista;-40,457387;-14,708578;26265
2925105;292510;POÇÕES;Poções;Sudoeste;Vitória da Conquista;-40,382614;-14,536483;46871
2925204;292520;POJUCA;Pojuca;Leste;Camaçari;-38,252964;-12,361734;39519
2925253;292525;PONTO NOVO;Ponto Novo;Norte;Senhor do Bonfim;-40,105711;-10,958925;14914
2925303;292530;PORTO SEGURO;Porto Seguro;Extremo sul;Porto Seguro;-39,279104;-16,625016;148686
2925402;292540;POTIRAGUÁ;Potiraguá;Sudoeste;Itapetinga;-39,772076;-15,681223;7224
2925501;292550;PRADO;Prado;Extremo sul;Teixeira de Freitas;-39,352013;-17,129693;28174
2925600;292560;PRESIDENTE DUTRA;Presidente Dutra;Centro-norte;Irecê;-41,99531;-11,303399;15142
2925709;292570;PRESIDENTE JÂNIO QUADROS;Presidente Jânio Quadros;Sudoeste;Vitória da Conquista;-41,72582;-14,696427;12338
2925758;292575;PRESIDENTE TANCREDO NEVES;Presidente Tancredo Neves;Leste;Santo Antônio de Jesus;-39,417648;-13,449235;27719
2925808;292580;QUEIMADAS;Queimadas;Centro-leste;Serrinha;-39,752452;-11,056724;25439
2925907;292590;QUIJINGUE;Quijingue;Centro-leste;Serrinha;-39,049783;-10,778079;27580
2925931;292593;QUIXABEIRA;Quixabeira;Centro-norte;Jacobina;-40,118614;-11,392515;8972
2925956;292595;RAFAEL JAMBEIRO;Rafael Jambeiro;Centro-leste;Feira de Santana;-39,574079;-12,478738;22621
2926004;292600;REMANSO;Remanso;Norte;Juazeiro;-42,25422;-9,598436;41008
2926103;292610;RETIROLÂNDIA;Retirolândia;Centro-leste;Serrinha;-39,416695;-11,503042;14396
2926202;292620;RIACHÃO DAS NEVES;Riachão das Neves;Oeste;Barreiras;-45,217792;-11,623038;22339
2926301;292630;RIACHÃO DO JACUÍPE;Riachão do Jacuípe;Centro-leste;Feira de Santana;-39,423475;-11,801011;33436
2926400;292640;RIACHO DE SANTANA;Riacho de Santana;Sudoeste;Guanambi;-43,049694;-13,633176;35421
2926509;292650;RIBEIRA DO AMPARO;Ribeira do Amparo;Nordeste;Ribeira do Pombal;-38,383809;-10,972639;14592
2926608;292660;RIBEIRA DO POMBAL;Ribeira do Pombal;Nordeste;Ribeira do Pombal;-38,551265;-10,797554;53807
2926657;292665;RIBEIRÃO DO LARGO;Ribeirão do Largo;Sudoeste;Vitória da Conquista;-40,651847;-15,427224;5812
2926707;292670;RIO DE CONTAS;Rio de Contas;Sudoeste;Brumado;-41,746577;-13,581612;12989
2926806;292680;RIO DO ANTÔNIO;Rio do Antônio;Sudoeste;Guanambi;-42,084136;-14,310255;15371
2926905;292690;RIO DO PIRES;Rio do Pires;Sudoeste;Brumado;-42,147712;-13,134756;11655
2927002;292700;RIO REAL;Rio Real;Nordeste;Alagoinhas;-37,912748;-11,547921;40732
2927101;292710;RODELAS;Rodelas;Norte;Paulo Afonso;-38,692464;-9,183933;9331
2927200;292720;RUY BARBOSA;Ruy Barbosa;Centro-leste;Itaberaba;-40,629652;-12,243549;30814
2927309;292730;SALINAS DA MARGARIDA;Salinas da Margarida;Leste;Santo Antônio de Jesus;-38,758373;-12,885294;15667
2927408;292740;SALVADOR;Salvador;Leste;Salvador;-38,51462;-12,873507;2872347
2927507;292750;SANTA BÁRBARA;Santa Bárbara;Centro-leste;Feira de Santana;-38,982309;-11,939431;20791
2927606;292760;SANTA BRÍGIDA;Santa Brígida;Norte;Paulo Afonso;-38,150149;-9,763086;14213
2927705;292770;SANTA CRUZ CABRÁLIA;Santa Cruz Cabrália;Extremo sul;Porto Seguro;-39,200954;-16,229178;27778
2927804;292780;SANTA CRUZ DA VITÓRIA;Santa Cruz da Vitória;Sul;Itabuna;-39,814773;-14,891688;6315
2927903;292790;SANTA INÊS;Santa Inês;Sul;Jequié;-39,848806;-13,284706;10631
2928000;292800;SANTALUZ;Santaluz;Centro-leste;Serrinha;-39,485235;-11,220236;37348
2928059;292805;SANTA LUZIA;Santa Luzia;Sul;Ilhéus;-39,244959;-15,448212;12597
2928109;292810;SANTA MARIA DA VITÓRIA;Santa Maria da Vitória;Oeste;Santa Maria da Vitória;-44,379979;-13,21835;39845
2928208;292820;SANTANA;Santana;Oeste;Santa Maria da Vitória;-43,942383;-13,065657;26614
2928307;292830;SANTANÓPOLIS;Santanópolis;Centro-leste;Feira de Santana;-38,862259;-11,975172;8943
2928406;292840;SANTA RITA DE CÁSSIA;Santa Rita de Cássia;Oeste;Barreiras;-44,555833;-11,007987;28338
2928505;292850;SANTA TERESINHA;Santa Teresinha;Leste;Santo Antônio de Jesus;-39,571741;-12,734162;10405
2928604;292860;SANTO AMARO;Santo Amaro;Leste;Salvador;-38,763265;-12,56572;60069
2928703;292870;SANTO ANTÔNIO DE JESUS;Santo Antônio de Jesus;Leste;Santo Antônio de Jesus;-39,226621;-13,008297;101512
2928802;292880;SANTO ESTÊVÃO;Santo Estêvão;Centro-leste;Feira de Santana;-39,269012;-12,468336;52850
2928901;292890;SÃO DESIDÉRIO;São Desidério;Oeste;Barreiras;-45,490189;-12,804393;33742
2928950;292895;SÃO DOMINGOS;São Domingos;Centro-leste;Serrinha;-39,580388;-11,454355;9058
2929008;292900;SÃO FÉLIX;São Félix;Leste;Cruz das Almas;-38,999026;-12,675042;14740
2929057;292905;SÃO FÉLIX DO CORIBE;São Félix do Coribe;Leste;Santa Maria da Vitória;-44,029673;-13,551946;15391
2929107;292910;SÃO FELIPE;São Felipe;Oeste;Santo Antônio de Jesus;-39,094662;-12,845312;21074
2929206;292920;SÃO FRANCISCO DO CONDE;São Francisco do Conde;Leste;Salvador;-38,632045;-12,650808;39802
2929255;292925;SÃO GABRIEL;São Gabriel;Centro-norte;Irecê;-41,698253;-11,066448;18793
2929305;292930;SÃO GONÇALO DOS CAMPOS;São Gonçalo dos Campos;Centro-leste;Feira de Santana;-38,941374;-12,417177;37550
2929354;292935;SÃO JOSÉ DA VITÓRIA;São José da Vitória;Sul;Itabuna;-39,353795;-15,073448;5657
2929370;292937;SÃO JOSÉ DO JACUÍPE;São José do Jacuípe;Centro-norte;Jacobina;-39,910341;-11,440049;10462
2929404;292940;SÃO MIGUEL DAS MATAS;São Miguel das Matas;Leste;Santo Antônio de Jesus;-39,42337;-13,054075;11675
2929503;292950;SÃO SEBASTIÃO DO PASSÉ;São Sebastião do Passé;Leste;Salvador;-38,498164;-12,517206;44300
2929602;292960;SAPEAÇU;Sapeaçu;Leste;Cruz das Almas;-39,212869;-12,725894;17398
2929701;292970;SÁTIRO DIAS;Sátiro Dias;Nordeste;Alagoinhas;-38,588847;-11,565622;17273
2929750;292975;SAUBARA;Saubara;Leste;Salvador;-38,769328;-12,775374;12043
2929800;292980;SAÚDE;Saúde;Centro-norte;Jacobina;-40,381343;-10,912534;12913
2929909;292990;SEABRA;Seabra;Centro-leste;Seabra;-41,884755;-12,417698;44091
2930006;293000;SEBASTIÃO LARANJEIRAS;Sebastião Laranjeiras;Sudoeste;Guanambi;-43,127285;-14,573409;11434
2930105;293010;SENHOR DO BONFIM;Senhor do Bonfim;Norte;Senhor do Bonfim;-40,115243;-10,484163;79015
2930154;293015;SERRA DO RAMALHO;Serra do Ramalho;Oeste;Santa Maria da Vitória;-43,676195;-13,484295;31472
2930204;293020;SENTO SÉ;Sento Sé;Norte;Juazeiro;-41,638028;-10,101683;40684
2930303;293030;SERRA DOURADA;Serra Dourada;Oeste;Santa Maria da Vitória;-43,797591;-12,806269;17386
2930402;293040;SERRA PRETA;Serra Preta;Centro-leste;Feira de Santana;-39,378587;-12,095383;14878
2930501;293050;SERRINHA;Serrinha;Centro-leste;Serrinha;-38,99379;-11,665667;80861
2930600;293060;SERROLÂNDIA;Serrolândia;Centro-norte;Jacobina;-40,260883;-11,429022;13397
2930709;293070;SIMÕES FILHO;Simões Filho;Leste;Camaçari;-38,400778;-12,768072;134377
2930758;293075;SÍTIO DO MATO;Sítio do Mato;Oeste;Santa Maria da Vitória;-43,474997;-12,855222;13012
2930766;293076;SÍTIO DO QUINTO;Sítio do Quinto;Nordeste;Ribeira do Pombal;-38,156417;-10,328224;9986
2930774;293077;SOBRADINHO;Sobradinho;Norte;Juazeiro;-40,863997;-9,645748;23191
2930808;293080;SOUTO SOARES;Souto Soares;Centro-leste;Seabra;-41,789614;-12,02762;16979
2930907;293090;TABOCAS DO BREJO VELHO;Tabocas do Brejo Velho;Oeste;Barreiras;-44,155648;-12,479855;12518
2931004;293100;TANHAÇU;Tanhaçu;Sudoeste;Brumado;-41,195412;-14,145964;20403
2931053;293105;TANQUE NOVO;Tanque Novo;Sudoeste;Guanambi;-42,537536;-13,556042;17366
2931103;293110;TANQUINHO;Tanquinho;Centro-leste;Feira de Santana;-39,094255;-11,95834;7918
2931202;293120;TAPEROÁ;Taperoá;Sul;Valença;-39,227909;-13,572671;21074
2931301;293130;TAPIRAMUTÁ;Tapiramutá;Centro-norte;Jacobina;-40,791362;-11,87617;17010
2931350;293135;TEIXEIRA DE FREITAS;Teixeira de Freitas;Extremo sul;Teixeira de Freitas;-39,786881;-17,424098;160487
2931400;293140;TEODORO SAMPAIO;Teodoro Sampaio;Centro-leste;Feira de Santana;-38,615125;-12,267302;7425
2931509;293150;TEOFILÂNDIA;Teofilândia;Centro-leste;Serrinha;-38,950989;-11,470751;22518
2931608;293160;TEOLÂNDIA;Teolândia;Sul;Valença;-39,497486;-13,554404;14943
2931707;293170;TERRA NOVA;Terra Nova;Centro-leste;Feira de Santana;-38,599769;-12,396818;13033
2931806;293180;TREMEDAL;Tremedal;Sudoeste;Vitória da Conquista;-41,471966;-15,05356;16394
2931905;293190;TUCANO;Tucano;Centro-leste;Serrinha;-38,811942;-11,033334;50687
2932002;293200;UAUÁ;Uauá;Norte;Juazeiro;-39,464074;-9,905838;24240
2932101;293210;UBAÍRA;Ubaíra;Leste;Santo Antônio de Jesus;-39,67932;-13,275977;19895
2932200;293220;UBAITABA;Ubaitaba;Sul;Itabuna;-39,421811;-14,267538;19056
2932309;293230;UBATÃ;Ubatã;Sul;Itabuna;-39,521853;-14,096416;27035
2932408;293240;UIBAÍ;Uibaí;Centro-norte;Irecê;-42,103988;-11,379928;13887
2932457;293245;UMBURANAS;Umburanas;Centro-norte;Jacobina;-41,246863;-10,575849;19222
2932507;293250;UNA;Una;Sul;Ilhéus;-39,151395;-15,219145;19002
2932606;293260;URANDI;Urandi;Sudoeste;Guanambi;-42,684008;-14,736562;16658
2932705;293270;URUÇUCA;Uruçuca;Sul;Ilhéus;-39,231581;-14,527408;20519
2932804;293280;UTINGA;Utinga;Centro-leste;Itaberaba;-41,068969;-12,052173;19178
2932903;293290;VALENÇA;Valença;Sul;Valença;-39,193921;-13,347412;96562
2933000;293300;VALENTE;Valente;Centro-leste;Serrinha;-39,449693;-11,376754;28473
2933059;293305;VÁRZEA DA ROÇA;Várzea da Roça;Centro-norte;Jacobina;-40,066703;-11,598455;14104
2933109;293310;VÁRZEA DO POÇO;Várzea do Poço;Centro-norte;Jacobina;-40,315682;-11,541103;9170
2933158;293315;VÁRZEA NOVA;Várzea Nova;Centro-norte;Jacobina;-41,019918;-11,123051;12697
2933174;293317;VARZEDO;Varzedo;Leste;Santo Antônio de Jesus;-39,391754;-12,956569;8838
2933208;293320;VERA CRUZ;Vera Cruz;Leste;Salvador;-38,695724;-13,006682;43223
2933257;293325;VEREDA;Vereda;Extremo sul;Teixeira de Freitas;-39,96014;-17,189142;6205
2933307;293330;VITÓRIA DA CONQUISTA;Vitória da Conquista;Sudoeste;Vitória da Conquista;-40,902081;-14,974801;338480
2933406;293340;WAGNER;Wagner;Centro-leste;Itaberaba;-41,145974;-12,231382;9345
2933455;293345;WANDERLEY;Wanderley;Oeste;Barreiras;-43,906735;-11,808922;12238
2933505;293350;WENCESLAU GUIMARÃES;Wenceslau Guimarães;Sul;Valença;-39,619219;-13,628543;21101
2933604;293360;XIQUE-XIQUE;Xique-Xique;Centro-norte;Irecê;-42,780133;-10,984262;46483
9999989;999998;OUTROS ESTADOS;;;;NA;NA;NA
9999999;999999;MUNICIPIOS NOVOS COM LPI DIFERENTE DA RESIDÊNCIA*;;;;NA;NA;NA
